score,rank,category,source,title,price,price_num,rating,reviews,asin,url
66.9,6,おもちゃ,Amazon_BS,INTEX インテックス レクタングラフレームプール 300×200×75cm 28272,"¥12,990",12990,4.4,41,B001IWNDDA,https://www.amazon.co.jp/dp/B001IWNDDA/
65.6,3,おもちゃ,Amazon_BS,シルバニアファミリー ハムスターファミリー FS 61 Sylvanian EPOCH,"¥2,452",2452,4.6,0,B0F89X4SXP,https://www.amazon.co.jp/dp/B0F89X4SXP/
63.2,2,おもちゃ,Amazon_BS,バンダイ BANDAI Tamagotchi Paradise たまごっちパラダイス,"¥5,427",5427,4.4,0,B0H1KP4B3Z,https://www.amazon.co.jp/dp/B0H1KP4B3Z/
62.1,5,おもちゃ,Amazon_BS,パイロット メルちゃん おせわパーツ おせわいっぱい10てんセット 3歳以上 プレゼント,"¥2,755",2755,4.4,0,B07G3NWFGM,https://www.amazon.co.jp/dp/B07G3NWFGM/
60.0,1,おもちゃ,Amazon_BS,サンリオ SANRIO オーロラ立体シール 対象年齢3才以上 225312,¥748,748,0.0,0,B0H8DMMTNT,https://www.amazon.co.jp/dp/B0H8DMMTNT/
58.5,7,おもちゃ,Amazon_BS,タカラトミー TAKARA TOMY ダイキャストコレクション スマーティー・パンツ,"¥1,650",1650,4.2,0,B0GYCJTTFK,https://www.amazon.co.jp/dp/B0GYCJTTFK/
57.1,4,おもちゃ,Amazon_BS,タカラトミー TAKARA TOMY トイ･ストーリー リアルサイズトーキングフィギュア,"¥9,002",9002,4.3,0,B0GYC4M6VK,https://www.amazon.co.jp/dp/B0GYC4M6VK/
54.2,9,おもちゃ,Amazon_BS,ベルモンド Tamagotchi Paradise たまごっちパラダイス BELLEMOND,¥598,598,3.8,0,B0GV4RZD2P,https://www.amazon.co.jp/dp/B0GV4RZD2P/
51.9,8,おもちゃ,Amazon_BS,OMATA 初登場·新デザイン ビニールプール 1秒高速オープン 日本語説明書付き,"¥8,599",8599,4.4,0,B0C789VTJS,https://www.amazon.co.jp/dp/B0C789VTJS/
51.2,11,おもちゃ,Amazon_BS,タカラトミー TAKARA TOMY BEYBLADE グローリーワルキューレ,不明,0,5.0,0,B0H4PPV8MR,https://www.amazon.co.jp/dp/B0H4PPV8MR/
46.0,13,おもちゃ,Amazon_BS,HomLee フロート スイミング 水遊び用 誕生日プレゼント,不明,0,4.4,0,B0H3ZBBFS7,https://www.amazon.co.jp/dp/B0H3ZBBFS7/
44.6,10,おもちゃ,Amazon_BS,タカラトミー TAKARA TOMY デュエル･マスターズ DM26 EX2,"¥6,950",6950,0.0,0,B0H5NXB3DJ,https://www.amazon.co.jp/dp/B0H5NXB3DJ/
43.9,14,おもちゃ,Amazon_BS,パイロットコーポレーション スイスイおえかき 何回でもぬれる 水ぬりえ トミカ,不明,0,4.2,0,B0D5QG8HWL,https://www.amazon.co.jp/dp/B0D5QG8HWL/
42.3,16,おもちゃ,Amazon_BS,バンダイ MG 1 100 REZELコマンダータイプ,不明,0,4.5,0,B0CHHFNBCT,https://www.amazon.co.jp/dp/B0CHHFNBCT/
39.8,12,おもちゃ,Amazon_BS,グルマンディーズ ポケットモンスター Premium グレイシア PKE 55B,不明,0,0.0,0,B0H8NMSHT4,https://www.amazon.co.jp/dp/B0H8NMSHT4/
38.9,17,おもちゃ,Amazon_BS,バンダイ BANDAI PIECEカードゲーム スタートデッキ ロロノア・ゾロ【ST 32】（2個セット）,不明,0,4.0,0,B0GN4ZXL4V,https://www.amazon.co.jp/dp/B0GN4ZXL4V/
38.8,18,おもちゃ,Amazon_BS,【Amazon co jp パネルマックスプラス （51×73 5cm） （パネルNo 10 T） セルカバーUVカット仕様,不明,0,4.3,0,B0DDTJRD7T,https://www.amazon.co.jp/dp/B0DDTJRD7T/
38.6,19,おもちゃ,Amazon_BS,三英貿易 Sanei Boeki W14×D10 5×H19cm PP01,不明,0,4.6,0,B015XSPD5A,https://www.amazon.co.jp/dp/B015XSPD5A/
36.0,20,おもちゃ,Amazon_BS,Kissa バースデー 40インチ ストロー付 ナンバーバルーン,不明,0,4.3,0,B0DCMWQ6D4,https://www.amazon.co.jp/dp/B0DCMWQ6D4/
35.7,15,おもちゃ,Amazon_BS,タカラトミー TAKARA TOMY BEYBLADE ヘルズネザーデッキセット,不明,0,0.0,0,B0H861Y9Y3,https://www.amazon.co.jp/dp/B0H861Y9Y3/
35.4,21,おもちゃ,Amazon_BS,マテル MATTEL UNO カードゲーム B7696,不明,0,4.5,0,B0006334AO,https://www.amazon.co.jp/dp/B0006334AO/
34.4,22,おもちゃ,Amazon_BS,サクラクレパス 消しゴム アーチ 小学生 RAF100G 5P,不明,0,4.6,0,B09688BJN9,https://www.amazon.co.jp/dp/B09688BJN9/
30.5,24,おもちゃ,Amazon_BS,レゴ LEGO ミニフィギュア シリーズ29 71052,不明,0,4.3,0,B0FPXDQDZG,https://www.amazon.co.jp/dp/B0FPXDQDZG/
29.5,23,おもちゃ,Amazon_BS,【2026新型・欧米人気商品】LLXS ダブルエアチャンバー ライフジャケット 20 80kg 浮き輪法定認証商品,不明,0,3.7,0,B0GQM3PGTG,https://www.amazon.co.jp/dp/B0GQM3PGTG/
28.1,26,おもちゃ,Amazon_BS,”片付けカンタン”折りたたみプール 空気入れ不要 tecopeco 子供用プール ショコラクリーム,不明,0,4.4,0,B0GXDVMM9M,https://www.amazon.co.jp/dp/B0GXDVMM9M/
26.3,25,おもちゃ,Amazon_BS,AxisSpace 空気入れ不要 折りたたみ 組み立て不要 外径275x200x50cm,不明,0,3.6,0,B0GRGW6S55,https://www.amazon.co.jp/dp/B0GRGW6S55/
25.8,28,おもちゃ,Amazon_BS,マテル MATTEL BJV44 ブロックス,不明,0,4.5,0,B00FBWBM3G,https://www.amazon.co.jp/dp/B00FBWBM3G/
25.5,27,おもちゃ,Amazon_BS,2丁セット 最大飛距離10m タンク容量300ml 水遊びおもちゃ ブルー＆レッド,不明,0,4.1,0,B0BY2DKW3Y,https://www.amazon.co.jp/dp/B0BY2DKW3Y/
24.4,29,おもちゃ,Amazon_BS,タカラトミー TAKARA TOMY トイ･ストーリー おしゃべりフレンズ,不明,0,4.5,0,B0GYC4BDTF,https://www.amazon.co.jp/dp/B0GYC4BDTF/
19.0,30,おもちゃ,Amazon_BS,ポケモン Pokemon 4521329427270 ポケモンカードゲーム スタートデッキ100,不明,0,3.5,0,B0FLD7HMRP,https://www.amazon.co.jp/dp/B0FLD7HMRP/
